{"train/train_runtime": 114.6818, "train/train_samples_per_second": 0.628, "train/train_steps_per_second": 0.052, "train/total_flos": 1.648271130624e+17, "train/train_loss": 66.40675862630208, "train/epoch": 3.0, "train/global_step": 6, "_timestamp": 1710119942.3848977, "_runtime": 480.8810086250305, "_step": 5, "trial": 2, "eval_wer": 12.579821200510855, "_wandb": {"runtime": 480}}