{"train/loss": 60.0554, "train/learning_rate": 0.0, "train/epoch": 0.02, "train/global_step": 1, "_timestamp": 1710289774.2913544, "_runtime": 26.384774446487427, "_step": 0, "_wandb": {"runtime": 29}}