{"train/loss": 40.2954, "train/learning_rate": 0.00019069767441860466, "train/epoch": 15.0, "train/global_step": 480, "_timestamp": 1710358117.3919027, "_runtime": 44109.391610622406, "_step": 26, "eval/wer": 29.82876712328767, "eval/time": 75.00457239151001, "train/train_runtime": 14679.5911, "train/train_samples_per_second": 1.022, "train/train_steps_per_second": 0.033, "train/total_flos": 5.449918464e+18, "train/train_loss": 52.785134379069014}