{"train/loss": 53.8813, "train/learning_rate": 0.0, "train/epoch": 0.14, "train/global_step": 1, "_timestamp": 1710295583.4164429, "_runtime": 24.135862827301025, "_step": 0, "_wandb": {"runtime": 178}}