{"train/loss": 93.5849, "train/learning_rate": 0.0005200000000000001, "train/epoch": 5.0, "train/global_step": 35, "_timestamp": 1710307310.3629367, "_runtime": 585.0432116985321, "_step": 6, "eval/wer": 23.599999999999998, "eval/time": 62.191890716552734, "train/train_runtime": 586.1484, "train/train_samples_per_second": 0.853, "train/train_steps_per_second": 0.06, "train/total_flos": 1.5363551232e+17, "train/train_loss": 106.46307896205357, "_wandb": {"runtime": 613}}