{"train/loss": 255.7604, "train/learning_rate": 0.0024746291032595002, "train/epoch": 3.0, "train/global_step": 96, "_timestamp": 1710134398.4586737, "_runtime": 4556.972698688507, "_step": 4, "train/train_runtime": 4545.1763, "train/train_samples_per_second": 0.66, "train/train_steps_per_second": 0.021, "train/total_flos": 7.3660796928e+18, "train/train_loss": 169.42784372965494, "_wandb": {"runtime": 9175}}