{"train/loss": 49.706, "train/learning_rate": 0.00020617287855239025, "train/epoch": 3.0, "train/global_step": 189, "_timestamp": 1710126476.0675914, "_runtime": 4791.840539455414, "_step": 9, "train/train_runtime": 4779.7904, "train/train_samples_per_second": 0.628, "train/train_steps_per_second": 0.04, "train/total_flos": 7.3660796928e+18, "train/train_loss": 56.920530611875826, "_wandb": {"runtime": 6776}}