{"train/loss": 50.7652, "train/learning_rate": 0.0005, "train/epoch": 3.0, "train/global_step": 96, "_timestamp": 1710181422.910782, "_runtime": 41728.235406160355, "_step": 74, "train/train_runtime": 4576.4927, "train/train_samples_per_second": 0.656, "train/train_steps_per_second": 0.021, "train/total_flos": 7.3660796928e+18, "train/train_loss": 51.95507303873698, "_wandb": {"runtime": 41756}}