{"train/loss": 60.0554, "train/learning_rate": 0.0, "train/epoch": 0.02, "train/global_step": 1, "_timestamp": 1710286604.8513749, "_runtime": 26.31080198287964, "_step": 0, "_wandb": {"runtime": 26}}