{"train/loss": 40.9419, "train/learning_rate": 0.0007199999999999999, "train/epoch": 0.63, "train/global_step": 40, "_timestamp": 1710302295.072682, "_runtime": 1047.6428639888763, "_step": 2, "eval/wer": 27.844405047450206, "_wandb": {"runtime": 1283}}