{"train/loss": 51.4652, "train/learning_rate": 0.00034, "train/epoch": 5.0, "train/global_step": 35, "_timestamp": 1710304475.9985163, "_runtime": 754.9402043819427, "_step": 3, "eval/runtime": 114.5763, "eval/samples_per_second": 7.986, "eval/steps_per_second": 1.004, "eval/wer": 29.495054659031755, "eval/time": 422.3366320133209, "train/train_runtime": 756.271, "train/train_samples_per_second": 0.661, "train/train_steps_per_second": 0.046, "train/total_flos": 3.55442688e+16, "train/train_loss": 46.31400320870536, "_wandb": {"runtime": 873}}