{"train/loss": 46.9593, "train/learning_rate": 0.00066, "train/epoch": 3.0, "train/global_step": 48, "_timestamp": 1710267819.0289207, "_runtime": 41642.80067753792, "_step": 53, "train/train_runtime": 4569.6157, "train/train_samples_per_second": 0.657, "train/train_steps_per_second": 0.011, "train/total_flos": 7.3660796928e+18, "train/train_loss": 50.13061205546061, "_wandb": {"runtime": 41669}}