{"train/loss": 51.139, "train/learning_rate": 0.00034, "train/epoch": 0.32, "train/global_step": 20, "_timestamp": 1710303150.134064, "_runtime": 223.12315607070923, "_step": 0, "_wandb": {"runtime": 223}}