{"train/loss": 51.6728, "train/learning_rate": 0.00032, "train/epoch": 0.32, "train/global_step": 20, "_timestamp": 1710284974.307482, "_runtime": 222.29405808448792, "_step": 0, "_wandb": {"runtime": 221}}